StudyID,MeasurementType,MoleculeID,MeasurementID,MeasurementValue
X241205_6068_p7_150m_M4_CB_TBDMS_SIM_brain_20X,MS Isotopologue,Lactate,m+0,0.700748243
X241205_6068_p7_150m_M4_CB_TBDMS_SIM_brain_20X,MS Isotopologue,Lactate,m+1,0.02745237
X241205_6068_p7_150m_M4_CB_TBDMS_SIM_brain_20X,MS Isotopologue,Lactate,m+2,0.029940009
X241205_6068_p7_150m_M4_CB_TBDMS_SIM_brain_20X,MS Isotopologue,Lactate,m+3,0.241859378
X241205_6068_p7_150m_M4_CB_TBDMS_SIM_brain_20X,MS Isotopologue,Ala,m+0,0.8166153
X241205_6068_p7_150m_M4_CB_TBDMS_SIM_brain_20X,MS Isotopologue,Ala,m+1,0.015401925
X241205_6068_p7_150m_M4_CB_TBDMS_SIM_brain_20X,MS Isotopologue,Ala,m+2,0.018184865
X241205_6068_p7_150m_M4_CB_TBDMS_SIM_brain_20X,MS Isotopologue,Ala,m+3,0.149797909
X241205_6068_p7_150m_M4_CB_TBDMS_SIM_brain_20X,MS Isotopologue,Asp,m+0,0.85274568
X241205_6068_p7_150m_M4_CB_TBDMS_SIM_brain_20X,MS Isotopologue,Asp,m+1,0.055979072
X241205_6068_p7_150m_M4_CB_TBDMS_SIM_brain_20X,MS Isotopologue,Asp,m+2,0.069851476
X241205_6068_p7_150m_M4_CB_TBDMS_SIM_brain_20X,MS Isotopologue,Asp,m+3,0.019092014
X241205_6068_p7_150m_M4_CB_TBDMS_SIM_brain_20X,MS Isotopologue,Asp,m+4,0.002331759
X241205_6068_p7_150m_M4_CB_TBDMS_SIM_brain_20X,MS Isotopologue,Glu,m+0,0.831216142
X241205_6068_p7_150m_M4_CB_TBDMS_SIM_brain_20X,MS Isotopologue,Glu,m+1,0.045970097
X241205_6068_p7_150m_M4_CB_TBDMS_SIM_brain_20X,MS Isotopologue,Glu,m+2,0.103219601
X241205_6068_p7_150m_M4_CB_TBDMS_SIM_brain_20X,MS Isotopologue,Glu,m+3,0.012580368
X241205_6068_p7_150m_M4_CB_TBDMS_SIM_brain_20X,MS Isotopologue,Glu,m+4,0.006590718
X241205_6068_p7_150m_M4_CB_TBDMS_SIM_brain_20X,MS Isotopologue,Glu,m+5,4.23074e-4
