StudyID,MeasurementType,MoleculeID,MeasurementID,MeasurementValue
A2_Control5_20240206_20.54.20,MS Isotopologue,Lactate,m+0,0.559790297
A2_Control5_20240206_20.54.20,MS Isotopologue,Lactate,m+1,0.024388728
A2_Control5_20240206_20.54.20,MS Isotopologue,Lactate,m+2,0.035847602
A2_Control5_20240206_20.54.20,MS Isotopologue,Lactate,m+3,0.379973373
A2_Control5_20240206_20.54.20,MS Isotopologue,Ala,m+0,0.632511482
A2_Control5_20240206_20.54.20,MS Isotopologue,Ala,m+1,0.024688597
A2_Control5_20240206_20.54.20,MS Isotopologue,Ala,m+2,0.03213134
A2_Control5_20240206_20.54.20,MS Isotopologue,Ala,m+3,0.310668582
A2_Control5_20240206_20.54.20,MS Isotopologue,Asp,m+0,0.506648925
A2_Control5_20240206_20.54.20,MS Isotopologue,Asp,m+1,0.145661035
A2_Control5_20240206_20.54.20,MS Isotopologue,Asp,m+2,0.215109389
A2_Control5_20240206_20.54.20,MS Isotopologue,Asp,m+3,0.10827469
A2_Control5_20240206_20.54.20,MS Isotopologue,Asp,m+4,0.02430596
A2_Control5_20240206_20.54.20,MS Isotopologue,Glu,m+0,0.496743867
A2_Control5_20240206_20.54.20,MS Isotopologue,Glu,m+1,0.096910607
A2_Control5_20240206_20.54.20,MS Isotopologue,Glu,m+2,0.254553359
A2_Control5_20240206_20.54.20,MS Isotopologue,Glu,m+3,0.084496147
A2_Control5_20240206_20.54.20,MS Isotopologue,Glu,m+4,0.053066485
A2_Control5_20240206_20.54.20,MS Isotopologue,Glu,m+5,0.014229535
