StudyID,MeasurementType,MoleculeID,MeasurementID,MeasurementValue
X241127_5948_p7_TC150m_CB_TBDMS_SIM_brain_20X,MS Isotopologue,Lactate,m+0,0.606350041
X241127_5948_p7_TC150m_CB_TBDMS_SIM_brain_20X,MS Isotopologue,Lactate,m+1,0.047652214
X241127_5948_p7_TC150m_CB_TBDMS_SIM_brain_20X,MS Isotopologue,Lactate,m+2,0.051098526
X241127_5948_p7_TC150m_CB_TBDMS_SIM_brain_20X,MS Isotopologue,Lactate,m+3,0.29489922
X241127_5948_p7_TC150m_CB_TBDMS_SIM_brain_20X,MS Isotopologue,Ala,m+0,0.681269831
X241127_5948_p7_TC150m_CB_TBDMS_SIM_brain_20X,MS Isotopologue,Ala,m+1,0.03797579
X241127_5948_p7_TC150m_CB_TBDMS_SIM_brain_20X,MS Isotopologue,Ala,m+2,0.041058537
X241127_5948_p7_TC150m_CB_TBDMS_SIM_brain_20X,MS Isotopologue,Ala,m+3,0.239695841
X241127_5948_p7_TC150m_CB_TBDMS_SIM_brain_20X,MS Isotopologue,Asp,m+0,0.662678673
X241127_5948_p7_TC150m_CB_TBDMS_SIM_brain_20X,MS Isotopologue,Asp,m+1,0.157105971
X241127_5948_p7_TC150m_CB_TBDMS_SIM_brain_20X,MS Isotopologue,Asp,m+2,0.126125853
X241127_5948_p7_TC150m_CB_TBDMS_SIM_brain_20X,MS Isotopologue,Asp,m+3,0.046115736
X241127_5948_p7_TC150m_CB_TBDMS_SIM_brain_20X,MS Isotopologue,Asp,m+4,0.007973767
X241127_5948_p7_TC150m_CB_TBDMS_SIM_brain_20X,MS Isotopologue,Glu,m+0,0.642480266
X241127_5948_p7_TC150m_CB_TBDMS_SIM_brain_20X,MS Isotopologue,Glu,m+1,0.129750873
X241127_5948_p7_TC150m_CB_TBDMS_SIM_brain_20X,MS Isotopologue,Glu,m+2,0.162381801
X241127_5948_p7_TC150m_CB_TBDMS_SIM_brain_20X,MS Isotopologue,Glu,m+3,0.043838277
X241127_5948_p7_TC150m_CB_TBDMS_SIM_brain_20X,MS Isotopologue,Glu,m+4,0.017130796
X241127_5948_p7_TC150m_CB_TBDMS_SIM_brain_20X,MS Isotopologue,Glu,m+5,0.004417987
