StudyID,MeasurementType,MoleculeID,MeasurementID,MeasurementValue
A1_Control4_20240206_20.54.20,MS Isotopologue,Lactate,m+0,0.560831477
A1_Control4_20240206_20.54.20,MS Isotopologue,Lactate,m+1,0.023927991
A1_Control4_20240206_20.54.20,MS Isotopologue,Lactate,m+2,0.035296295
A1_Control4_20240206_20.54.20,MS Isotopologue,Lactate,m+3,0.379944237
A1_Control4_20240206_20.54.20,MS Isotopologue,Ala,m+0,0.627799971
A1_Control4_20240206_20.54.20,MS Isotopologue,Ala,m+1,0.028165228
A1_Control4_20240206_20.54.20,MS Isotopologue,Ala,m+2,0.030442568
A1_Control4_20240206_20.54.20,MS Isotopologue,Ala,m+3,0.313592233
A1_Control4_20240206_20.54.20,MS Isotopologue,Asp,m+0,0.506339564
A1_Control4_20240206_20.54.20,MS Isotopologue,Asp,m+1,0.146611265
A1_Control4_20240206_20.54.20,MS Isotopologue,Asp,m+2,0.215268049
A1_Control4_20240206_20.54.20,MS Isotopologue,Asp,m+3,0.107571595
A1_Control4_20240206_20.54.20,MS Isotopologue,Asp,m+4,0.024209528
A1_Control4_20240206_20.54.20,MS Isotopologue,Glu,m+0,0.495935127
A1_Control4_20240206_20.54.20,MS Isotopologue,Glu,m+1,0.098108154
A1_Control4_20240206_20.54.20,MS Isotopologue,Glu,m+2,0.255384153
A1_Control4_20240206_20.54.20,MS Isotopologue,Glu,m+3,0.083628218
A1_Control4_20240206_20.54.20,MS Isotopologue,Glu,m+4,0.053061587
A1_Control4_20240206_20.54.20,MS Isotopologue,Glu,m+5,0.013882762
